name,carry-on compliance,Aeroflot,AeroMexico,Air Canada,Air China,Air France,Air New Zealand,Air Transat,AirAsia,Alaska Airlines,American Airlines,ANA,Asiana Airlines,Austrian Airlines,British Airways,Cathay Pacific,China Airlines,China Eastern,China Southern,Delta,easyJet,Emirates,Etihad Airways,Eva Airways,Fiji Airways,Frontier Airlines,Hainan Airlines,Hawaiian,Iberia,Icelandair,Indigo,Japan Airlines,Jet2.com,jetBlue Airways,Jetstar,Juneyao Airlines,KLM,Korean Air,LATAM Airlines,Lufthansa,Qantas,Qatar Airways,Ryanair,SAUDIA,Shenzhen Airlines,Singapore Airlines,Southwest Airlines,Spirit Airlines,Swiss,Thai Airways,Turkish Airlines,United Airlines,Virgin Atlantic,Vueling,WestJet,Wizz Air,Xiamen Airlines,,,,,,,,
,,,,,,,,,,,,,,,,,,,,,,,,,,,,,,,,,,,,,,,,,,,,,,,,,,,,,,,,,,,,,,,,,
5.11 Rush 12,93%,✔,✔,✔,✔,✔,✔,✔,✔,✔,✔,✔,✔,✔,✔,✔,✔,✔,✔,✔,✗,✔,✔,✔,✔,✔,✔,✔,✔,✔,✔,✔,✔,✔,✔,✔,✔,✔,✔,✔,✔,✔,✗,✔,✔,✔,✔,✔,✔,✔,✔,✔,✔,✗,✔,✗,✔,,,,,,,,
5.11 Rush 12 2.0,93%,✔,✔,✔,✔,✔,✔,✔,✔,✔,✔,✔,✔,✔,✔,✔,✔,✔,✔,✔,✗,✔,✔,✔,✔,✔,✔,✔,✔,✔,✔,✔,✔,✔,✔,✔,✔,✔,✔,✔,✔,✔,✗,✔,✔,✔,✔,✔,✔,✔,✔,✔,✔,✗,✔,✗,✔,,,,,,,,
Able Carry Daily Backpack,93%,✔,✔,✔,✔,✔,✔,✔,✔,✔,✔,✔,✔,✔,✔,✔,✔,✔,✔,✔,✗,✔,✔,✔,✔,✔,✔,✔,✔,✔,✔,✔,✔,✔,✔,✔,✔,✔,✔,✔,✔,✔,✗,✔,✔,✔,✔,✔,✔,✔,✔,✔,✔,✗,✔,✗,✔,,,,,,,,
Able Carry Max EDC,93%,✔,✔,✔,✔,✔,✔,✔,✔,✔,✔,✔,✔,✔,✔,✔,✔,✔,✔,✔,✗,✔,✔,✔,✔,✔,✔,✔,✔,✔,✔,✔,✔,✔,✔,✔,✔,✔,✔,✔,✔,✔,✗,✔,✔,✔,✔,✔,✔,✔,✔,✔,✔,✗,✔,✗,✔,,,,,,,,
Able Carry Max Pack,89%,✔,✔,✔,✔,✔,✔,✗,✔,✔,✔,✔,✔,✔,✔,✔,✔,✔,✔,✔,✗,✔,✔,✔,✔,✔,✔,✔,✔,✔,✔,✔,✔,✔,✔,✔,✔,✔,✔,✔,✔,✗,✗,✔,✔,✔,✔,✔,✔,✔,✔,✔,✔,✗,✔,✗,✔,,,,,,,,
Able Carry Thirteen Daybag,95%,✔,✔,✔,✔,✔,✔,✔,✔,✔,✔,✔,✔,✔,✔,✔,✔,✔,✔,✔,✔,✔,✔,✔,✔,✔,✔,✔,✔,✔,✔,✔,✔,✔,✔,✔,✔,✔,✔,✔,✔,✔,✗,✔,✔,✔,✔,✔,✔,✔,✔,✔,✔,✗,✔,✗,✔,,,,,,,,
Aer City Pack,93%,✔,✔,✔,✔,✔,✔,✔,✔,✔,✔,✔,✔,✔,✔,✔,✔,✔,✔,✔,✗,✔,✔,✔,✔,✔,✔,✔,✔,✔,✔,✔,✔,✔,✔,✔,✔,✔,✔,✔,✔,✔,✗,✔,✔,✔,✔,✔,✔,✔,✔,✔,✔,✗,✔,✗,✔,,,,,,,,
Aer City Pack Pro,93%,✔,✔,✔,✔,✔,✔,✔,✔,✔,✔,✔,✔,✔,✔,✔,✔,✔,✔,✔,✗,✔,✔,✔,✔,✔,✔,✔,✔,✔,✔,✔,✔,✔,✔,✔,✔,✔,✔,✔,✔,✔,✗,✔,✔,✔,✔,✔,✔,✔,✔,✔,✔,✗,✔,✗,✔,,,,,,,,
Aer City Pack X-Pac,93%,✔,✔,✔,✔,✔,✔,✔,✔,✔,✔,✔,✔,✔,✔,✔,✔,✔,✔,✔,✗,✔,✔,✔,✔,✔,✔,✔,✔,✔,✔,✔,✔,✔,✔,✔,✔,✔,✔,✔,✔,✔,✗,✔,✔,✔,✔,✔,✔,✔,✔,✔,✔,✗,✔,✗,✔,,,,,,,,
Aer Duffel Pack 3 X-Pac,89%,✔,✔,✔,✔,✔,✔,✗,✔,✔,✔,✔,✔,✔,✔,✔,✔,✔,✔,✔,✗,✔,✔,✔,✔,✔,✔,✔,✔,✔,✔,✔,✔,✔,✔,✔,✔,✔,✔,✔,✔,✗,✗,✔,✔,✔,✔,✔,✔,✔,✔,✔,✔,✗,✔,✗,✔,,,,,,,,
Aer Flight Pack 2,93%,✔,✔,✔,✔,✔,✔,✔,✔,✔,✔,✔,✔,✔,✔,✔,✔,✔,✔,✔,✗,✔,✔,✔,✔,✔,✔,✔,✔,✔,✔,✔,✔,✔,✔,✔,✔,✔,✔,✔,✔,✔,✗,✔,✔,✔,✔,✔,✔,✔,✔,✔,✔,✗,✔,✗,✔,,,,,,,,
Aer Flight Pack 3,93%,✔,✔,✔,✔,✔,✔,✔,✔,✔,✔,✔,✔,✔,✔,✔,✔,✔,✔,✔,✗,✔,✔,✔,✔,✔,✔,✔,✔,✔,✔,✔,✔,✔,✔,✔,✔,✔,✔,✔,✔,✔,✗,✔,✔,✔,✔,✔,✔,✔,✔,✔,✔,✗,✔,✗,✔,,,,,,,,
Aer Go Pack 2,95%,✔,✔,✔,✔,✔,✔,✔,✔,✔,✔,✔,✔,✔,✔,✔,✔,✔,✔,✔,✔,✔,✔,✔,✔,✔,✔,✔,✔,✔,✔,✔,✔,✔,✔,✔,✔,✔,✔,✔,✔,✔,✗,✔,✔,✔,✔,✔,✔,✔,✔,✔,✔,✗,✔,✗,✔,,,,,,,,
Aer Pro Pack 20L,95%,✔,✔,✔,✔,✔,✔,✔,✔,✔,✔,✔,✔,✔,✔,✔,✔,✔,✔,✔,✔,✔,✔,✔,✔,✔,✔,✔,✔,✔,✔,✔,✔,✔,✔,✔,✔,✔,✔,✔,✔,✔,✗,✔,✔,✔,✔,✔,✔,✔,✔,✔,✔,✗,✔,✗,✔,,,,,,,,
Aer Pro Pack 24L,93%,✔,✔,✔,✔,✔,✔,✔,✔,✔,✔,✔,✔,✔,✔,✔,✔,✔,✔,✔,✗,✔,✔,✔,✔,✔,✔,✔,✔,✔,✔,✔,✔,✔,✔,✔,✔,✔,✔,✔,✔,✔,✗,✔,✔,✔,✔,✔,✔,✔,✔,✔,✔,✗,✔,✗,✔,,,,,,,,
Aer Tech Pack 2,93%,✔,✔,✔,✔,✔,✔,✔,✔,✔,✔,✔,✔,✔,✔,✔,✔,✔,✔,✔,✗,✔,✔,✔,✔,✔,✔,✔,✔,✔,✔,✔,✔,✔,✔,✔,✔,✔,✔,✔,✔,✔,✗,✔,✔,✔,✔,✔,✔,✔,✔,✔,✔,✗,✔,✗,✔,,,,,,,,
Aer Tech Pack 3 X-Pac,93%,✔,✔,✔,✔,✔,✔,✔,✔,✔,✔,✔,✔,✔,✔,✔,✔,✔,✔,✔,✗,✔,✔,✔,✔,✔,✔,✔,✔,✔,✔,✔,✔,✔,✔,✔,✔,✔,✔,✔,✔,✔,✗,✔,✔,✔,✔,✔,✔,✔,✔,✔,✔,✗,✔,✗,✔,,,,,,,,
Aer Travel Pack 2,75%,✔,✔,✔,✗,✔,✔,✗,✔,✔,✔,✔,✗,✔,✔,✔,✔,✔,✗,✔,✗,✔,✔,✔,✔,✔,✗,✔,✔,✗,✔,✔,✔,✔,✔,✔,✔,✗,✔,✔,✔,✗,✗,✔,✔,✔,✔,✔,✔,✔,✔,✔,✔,✗,✗,✗,✗,,,,,,,,
Aer Travel Pack 3 Small,93%,✔,✔,✔,✔,✔,✔,✔,✔,✔,✔,✔,✔,✔,✔,✔,✔,✔,✔,✔,✗,✔,✔,✔,✔,✔,✔,✔,✔,✔,✔,✔,✔,✔,✔,✔,✔,✔,✔,✔,✔,✔,✗,✔,✔,✔,✔,✔,✔,✔,✔,✔,✔,✗,✔,✗,✔,,,,,,,,
Aer Travel Pack 3 X-Pac,77%,✔,✔,✔,✗,✔,✔,✗,✔,✔,✔,✔,✗,✔,✔,✔,✔,✔,✗,✔,✗,✔,✔,✔,✔,✔,✗,✔,✔,✗,✔,✔,✔,✔,✔,✔,✔,✗,✔,✔,✔,✗,✗,✔,✔,✔,✔,✔,✔,✔,✔,✔,✔,✗,✗,✗,✔,,,,,,,,
Alchemy Equipment Daypack,75%,✔,✔,✔,✔,✗,✔,✔,✗,✗,✔,✔,✔,✔,✔,✔,✔,✔,✔,✗,✔,✔,✔,✔,✔,✔,✔,✗,✔,✔,✗,✔,✔,✗,✔,✔,✗,✔,✗,✔,✔,✔,✗,✔,✔,✔,✔,✔,✔,✔,✔,✗,✔,✗,✔,✗,✗,,,,,,,,
Alpha One-Niner Evade 1.5 Backpack,93%,✔,✔,✔,✔,✔,✔,✔,✔,✔,✔,✔,✔,✔,✔,✔,✔,✔,✔,✔,✗,✔,✔,✔,✔,✔,✔,✔,✔,✔,✔,✔,✔,✔,✔,✔,✔,✔,✔,✔,✔,✔,✗,✔,✔,✔,✔,✔,✔,✔,✔,✔,✔,✗,✔,✗,✔,,,,,,,,
Alpha One-Niner Recon Nine Evade 1.5 (Lite),93%,✔,✔,✔,✔,✔,✔,✔,✔,✔,✔,✔,✔,✔,✔,✔,✔,✔,✔,✔,✗,✔,✔,✔,✔,✔,✔,✔,✔,✔,✔,✔,✔,✔,✔,✔,✔,✔,✔,✔,✔,✔,✗,✔,✔,✔,✔,✔,✔,✔,✔,✔,✔,✗,✔,✗,✔,,,,,,,,
Alpha One-Niner Whitley Backpack,93%,✔,✔,✔,✔,✔,✔,✔,✔,✔,✔,✔,✔,✔,✔,✔,✔,✔,✔,✔,✗,✔,✔,✔,✔,✔,✔,✔,✔,✔,✔,✔,✔,✔,✔,✔,✔,✔,✔,✔,✔,✔,✗,✔,✔,✔,✔,✔,✔,✔,✔,✔,✔,✗,✔,✗,✔,,,,,,,,
Arc'teryx Mantis 26,41%,✔,✔,✗,✗,✔,✔,✗,✗,✗,✗,✔,✗,✗,✔,✗,✗,✔,✗,✗,✗,✗,✔,✗,✗,✔,✗,✗,✔,✗,✔,✔,✔,✗,✗,✗,✔,✗,✔,✗,✗,✔,✗,✔,✔,✔,✔,✔,✗,✔,✗,✗,✗,✗,✗,✗,✔,,,,,,,,
Arcido Akra,86%,✔,✔,✔,✔,✔,✔,✗,✔,✔,✔,✔,✔,✔,✔,✔,✔,✔,✔,✔,✗,✔,✔,✔,✔,✔,✔,✔,✔,✔,✔,✔,✔,✔,✔,✔,✔,✔,✔,✔,✔,✗,✗,✔,✔,✔,✔,✔,✔,✔,✔,✔,✔,✗,✗,✗,✗,,,,,,,,
Arktype Dashpack II,93%,✔,✔,✔,✔,✔,✔,✔,✔,✔,✔,✔,✔,✔,✔,✔,✔,✔,✔,✔,✗,✔,✔,✔,✔,✔,✔,✔,✔,✔,✔,✔,✔,✔,✔,✔,✔,✔,✔,✔,✔,✔,✗,✔,✔,✔,✔,✔,✔,✔,✔,✔,✔,✗,✔,✗,✔,,,,,,,,
Attitude Supply ADT1 Backpack,7%,✗,✗,✗,✗,✗,✔,✗,✗,✗,✗,✗,✗,✗,✗,✗,✗,✗,✗,✗,✗,✗,✗,✗,✗,✗,✗,✗,✗,✗,✗,✗,✗,✗,✗,✗,✗,✗,✗,✗,✗,✗,✗,✔,✔,✔,✗,✗,✗,✗,✗,✗,✗,✗,✗,✗,✗,,,,,,,,
Attitude Supply ADT2 Backpack,95%,✔,✔,✔,✔,✔,✔,✔,✔,✔,✔,✔,✔,✔,✔,✔,✔,✔,✔,✔,✔,✔,✔,✔,✔,✔,✔,✔,✔,✔,✔,✔,✔,✔,✔,✔,✔,✔,✔,✔,✔,✔,✗,✔,✔,✔,✔,✔,✔,✔,✔,✔,✔,✗,✔,✗,✔,,,,,,,,
Attitude Supply ATD1,7%,✗,✗,✗,✗,✗,✔,✗,✗,✗,✗,✗,✗,✗,✗,✗,✗,✗,✗,✗,✗,✗,✗,✗,✗,✗,✗,✗,✗,✗,✗,✗,✗,✗,✗,✗,✗,✗,✗,✗,✗,✗,✗,✔,✔,✔,✗,✗,✗,✗,✗,✗,✗,✗,✗,✗,✗,,,,,,,,
Bellroy Lite Travel Pack 30L,73%,✔,✔,✔,✔,✗,✔,✔,✗,✗,✔,✔,✔,✔,✔,✔,✔,✔,✔,✗,✗,✔,✔,✔,✔,✔,✔,✗,✔,✔,✗,✔,✔,✗,✔,✔,✗,✔,✗,✔,✔,✔,✗,✔,✔,✔,✔,✔,✔,✔,✔,✗,✔,✗,✔,✗,✗,,,,,,,,
Bellroy Transit Backpack,70%,✔,✔,✔,✔,✗,✔,✗,✗,✗,✔,✔,✔,✔,✔,✔,✔,✔,✔,✗,✗,✔,✔,✔,✔,✔,✔,✗,✔,✔,✗,✔,✔,✗,✔,✔,✗,✔,✗,✔,✔,✗,✗,✔,✔,✔,✔,✔,✔,✔,✔,✗,✔,✗,✔,✗,✗,,,,,,,,
Bellroy Transit Backpack Plus,25%,✔,✔,✗,✗,✗,✔,✗,✗,✗,✗,✔,✗,✗,✔,✗,✗,✔,✗,✗,✗,✗,✔,✗,✗,✔,✗,✗,✔,✗,✗,✔,✔,✗,✗,✗,✗,✗,✗,✗,✗,✗,✗,✗,✗,✗,✔,✔,✗,✔,✗,✗,✗,✗,✗,✗,✗,,,,,,,,
Bellroy Venture Ready Pack 26L,93%,✔,✔,✔,✔,✔,✔,✔,✔,✔,✔,✔,✔,✔,✔,✔,✔,✔,✔,✔,✗,✔,✔,✔,✔,✔,✔,✔,✔,✔,✔,✔,✔,✔,✔,✔,✔,✔,✔,✔,✔,✔,✗,✔,✔,✔,✔,✔,✔,✔,✔,✔,✔,✗,✔,✗,✔,,,,,,,,
Bellroy Venture Travel Pack 26L,86%,✔,✔,✔,✔,✔,✔,✗,✔,✔,✔,✔,✔,✔,✔,✔,✔,✔,✔,✔,✗,✔,✔,✔,✔,✔,✔,✔,✔,✔,✔,✔,✔,✔,✔,✔,✔,✔,✔,✔,✔,✗,✗,✔,✔,✔,✔,✔,✔,✔,✔,✔,✔,✗,✗,✗,✗,,,,,,,,
Black Ember Citadel 18,95%,✔,✔,✔,✔,✔,✔,✔,✔,✔,✔,✔,✔,✔,✔,✔,✔,✔,✔,✔,✔,✔,✔,✔,✔,✔,✔,✔,✔,✔,✔,✔,✔,✔,✔,✔,✔,✔,✔,✔,✔,✔,✗,✔,✔,✔,✔,✔,✔,✔,✔,✔,✔,✗,✔,✗,✔,,,,,,,,
Black Ember Citadel R3 25,93%,✔,✔,✔,✔,✔,✔,✔,✔,✔,✔,✔,✔,✔,✔,✔,✔,✔,✔,✔,✗,✔,✔,✔,✔,✔,✔,✔,✔,✔,✔,✔,✔,✔,✔,✔,✔,✔,✔,✔,✔,✔,✗,✔,✔,✔,✔,✔,✔,✔,✔,✔,✔,✗,✔,✗,✔,,,,,,,,
Black Ember Forge Max,93%,✔,✔,✔,✔,✔,✔,✔,✔,✔,✔,✔,✔,✔,✔,✔,✔,✔,✔,✔,✗,✔,✔,✔,✔,✔,✔,✔,✔,✔,✔,✔,✔,✔,✔,✔,✔,✔,✔,✔,✔,✔,✗,✔,✔,✔,✔,✔,✔,✔,✔,✔,✔,✗,✔,✗,✔,,,,,,,,
Boundary Supply Arris Pack,48%,✗,✗,✗,✗,✗,✔,✗,✔,✔,✔,✗,✗,✗,✔,✔,✔,✔,✗,✔,✗,✗,✔,✔,✗,✔,✗,✔,✔,✗,✗,✗,✔,✔,✔,✔,✗,✗,✗,✗,✔,✗,✗,✔,✔,✔,✔,✔,✗,✔,✗,✔,✔,✗,✗,✗,✗,,,,,,,,
Boundary Supply Errant Daypack,93%,✔,✔,✔,✔,✔,✔,✔,✔,✔,✔,✔,✔,✔,✔,✔,✔,✔,✔,✔,✗,✔,✔,✔,✔,✔,✔,✔,✔,✔,✔,✔,✔,✔,✔,✔,✔,✔,✔,✔,✔,✔,✗,✔,✔,✔,✔,✔,✔,✔,✔,✔,✔,✗,✔,✗,✔,,,,,,,,
Boundary Supply Prima,89%,✔,✔,✔,✔,✔,✔,✗,✔,✔,✔,✔,✔,✔,✔,✔,✔,✔,✔,✔,✗,✔,✔,✔,✔,✔,✔,✔,✔,✔,✔,✔,✔,✔,✔,✔,✔,✔,✔,✔,✔,✗,✗,✔,✔,✔,✔,✔,✔,✔,✔,✔,✔,✗,✔,✗,✔,,,,,,,,
Burton Multipath 26L Commuter Pack,89%,✔,✔,✔,✔,✔,✔,✗,✔,✔,✔,✔,✔,✔,✔,✔,✔,✔,✔,✔,✗,✔,✔,✔,✔,✔,✔,✔,✔,✔,✔,✔,✔,✔,✔,✔,✔,✔,✔,✔,✔,✗,✗,✔,✔,✔,✔,✔,✔,✔,✔,✔,✔,✗,✔,✗,✔,,,,,,,,
Cabin Zero Adv Backpack 32L,93%,✔,✔,✔,✔,✔,✔,✔,✔,✔,✔,✔,✔,✔,✔,✔,✔,✔,✔,✔,✗,✔,✔,✔,✔,✔,✔,✔,✔,✔,✔,✔,✔,✔,✔,✔,✔,✔,✔,✔,✔,✔,✗,✔,✔,✔,✔,✔,✔,✔,✔,✔,✔,✗,✔,✗,✔,,,,,,,,
Cabin Zero Adv Backpack 42L,86%,✔,✔,✔,✔,✔,✔,✗,✔,✔,✔,✔,✔,✔,✔,✔,✔,✔,✔,✔,✗,✔,✔,✔,✔,✔,✔,✔,✔,✔,✔,✔,✔,✔,✔,✔,✔,✔,✔,✔,✔,✗,✗,✔,✔,✔,✔,✔,✔,✔,✔,✔,✔,✗,✗,✗,✗,,,,,,,,
Cabin Zero Adv Pro Backpack 32L,93%,✔,✔,✔,✔,✔,✔,✔,✔,✔,✔,✔,✔,✔,✔,✔,✔,✔,✔,✔,✗,✔,✔,✔,✔,✔,✔,✔,✔,✔,✔,✔,✔,✔,✔,✔,✔,✔,✔,✔,✔,✔,✗,✔,✔,✔,✔,✔,✔,✔,✔,✔,✔,✗,✔,✗,✔,,,,,,,,
Cabin Zero Adv Pro Backpack 42L,86%,✔,✔,✔,✔,✔,✔,✗,✔,✔,✔,✔,✔,✔,✔,✔,✔,✔,✔,✔,✗,✔,✔,✔,✔,✔,✔,✔,✔,✔,✔,✔,✔,✔,✔,✔,✔,✔,✔,✔,✔,✗,✗,✔,✔,✔,✔,✔,✔,✔,✔,✔,✔,✗,✗,✗,✗,,,,,,,,
Cabin Zero Classic Backpack 28L,98%,✔,✔,✔,✔,✔,✔,✔,✔,✔,✔,✔,✔,✔,✔,✔,✔,✔,✔,✔,✔,✔,✔,✔,✔,✔,✔,✔,✔,✔,✔,✔,✔,✔,✔,✔,✔,✔,✔,✔,✔,✔,✗,✔,✔,✔,✔,✔,✔,✔,✔,✔,✔,✔,✔,✔,✔,,,,,,,,
Cabin Zero Classic Plus 42L,86%,✔,✔,✔,✔,✔,✔,✗,✔,✔,✔,✔,✔,✔,✔,✔,✔,✔,✔,✔,✗,✔,✔,✔,✔,✔,✔,✔,✔,✔,✔,✔,✔,✔,✔,✔,✔,✔,✔,✔,✔,✗,✗,✔,✔,✔,✔,✔,✔,✔,✔,✔,✔,✗,✗,✗,✗,,,,,,,,
Cabin Zero Classsic Pro 32L,93%,✔,✔,✔,✔,✔,✔,✔,✔,✔,✔,✔,✔,✔,✔,✔,✔,✔,✔,✔,✗,✔,✔,✔,✔,✔,✔,✔,✔,✔,✔,✔,✔,✔,✔,✔,✔,✔,✔,✔,✔,✔,✗,✔,✔,✔,✔,✔,✔,✔,✔,✔,✔,✗,✔,✗,✔,,,,,,,,
Cabin Zero Military 28,95%,✔,✔,✔,✔,✔,✔,✔,✔,✔,✔,✔,✔,✔,✔,✔,✔,✔,✔,✔,✔,✔,✔,✔,✔,✔,✔,✔,✔,✔,✔,✔,✔,✔,✔,✔,✔,✔,✔,✔,✔,✔,✗,✔,✔,✔,✔,✔,✔,✔,✔,✔,✔,✗,✔,✗,✔,,,,,,,,
Cotopaxi Allpa 28,71%,✔,✔,✔,✗,✔,✔,✔,✗,✗,✔,✔,✗,✔,✔,✔,✔,✔,✗,✔,✗,✗,✔,✔,✔,✔,✗,✗,✔,✗,✔,✔,✔,✗,✔,✔,✔,✗,✔,✔,✔,✔,✗,✔,✔,✔,✔,✔,✔,✔,✔,✗,✔,✗,✔,✗,✔,,,,,,,,
Cotopaxi Allpa 35,21%,✗,✗,✗,✗,✗,✔,✗,✗,✗,✗,✗,✗,✗,✔,✗,✗,✔,✗,✗,✗,✗,✗,✗,✗,✔,✗,✗,✔,✗,✗,✗,✔,✗,✗,✗,✗,✗,✗,✗,✗,✗,✗,✔,✔,✔,✔,✔,✗,✔,✗,✗,✗,✗,✗,✗,✗,,,,,,,,
Decathlon Forclaz Travel 500 Backpack,7%,✗,✗,✗,✗,✗,✔,✗,✗,✗,✗,✗,✗,✗,✗,✗,✗,✗,✗,✗,✗,✗,✗,✗,✗,✗,✗,✗,✗,✗,✗,✗,✗,✗,✗,✗,✗,✗,✗,✗,✗,✗,✗,✔,✔,✔,✗,✗,✗,✗,✗,✗,✗,✗,✗,✗,✗,,,,,,,,
Deuter Utilion 30,91%,✔,✔,✔,✔,✔,✔,✔,✔,✔,✔,✔,✔,✔,✔,✔,✔,✔,✔,✔,✗,✔,✔,✔,✔,✔,✔,✔,✔,✔,✔,✔,✔,✔,✔,✔,✔,✔,✔,✔,✔,✗,✗,✔,✔,✔,✔,✔,✔,✔,✔,✔,✔,✗,✔,✗,✔,,,,,,,,
eBags Mother Lode Travel Backpack,7%,✗,✗,✗,✗,✗,✔,✗,✗,✗,✗,✗,✗,✗,✗,✗,✗,✗,✗,✗,✗,✗,✔,✗,✗,✔,✗,✗,✗,✗,✗,✗,✗,✗,✗,✗,✗,✗,✗,✗,✗,✗,✗,✗,✗,✗,✔,✗,✗,✗,✗,✗,✗,✗,✗,✗,✗,,,,,,,,
eBags Pro Slim Weekender,64%,✔,✔,✔,✗,✗,✔,✗,✔,✔,✔,✔,✗,✔,✔,✔,✔,✔,✗,✗,✗,✔,✔,✔,✔,✔,✗,✔,✔,✗,✗,✔,✔,✔,✔,✔,✗,✗,✗,✔,✔,✗,✗,✔,✔,✔,✔,✔,✔,✔,✔,✗,✔,✗,✗,✗,✗,,,,,,,,
Evergoods Civic Half Zip 22L,93%,✔,✔,✔,✔,✔,✔,✔,✔,✔,✔,✔,✔,✔,✔,✔,✔,✔,✔,✔,✗,✔,✔,✔,✔,✔,✔,✔,✔,✔,✔,✔,✔,✔,✔,✔,✔,✔,✔,✔,✔,✔,✗,✔,✔,✔,✔,✔,✔,✔,✔,✔,✔,✗,✔,✗,✔,,,,,,,,
Evergoods Civic Half Zip 26L,71%,✔,✔,✔,✗,✔,✔,✔,✗,✗,✔,✔,✗,✔,✔,✔,✔,✔,✗,✔,✗,✗,✔,✔,✔,✔,✗,✗,✔,✗,✔,✔,✔,✗,✔,✔,✔,✗,✔,✔,✔,✔,✗,✔,✔,✔,✔,✔,✔,✔,✔,✗,✔,✗,✔,✗,✔,,,,,,,,
Evergoods Civic Panel Loader 16L,95%,✔,✔,✔,✔,✔,✔,✔,✔,✔,✔,✔,✔,✔,✔,✔,✔,✔,✔,✔,✔,✔,✔,✔,✔,✔,✔,✔,✔,✔,✔,✔,✔,✔,✔,✔,✔,✔,✔,✔,✔,✔,✗,✔,✔,✔,✔,✔,✔,✔,✔,✔,✔,✗,✔,✗,✔,,,,,,,,
Evergoods Civic Panel Loader 24L,93%,✔,✔,✔,✔,✔,✔,✔,✔,✔,✔,✔,✔,✔,✔,✔,✔,✔,✔,✔,✗,✔,✔,✔,✔,✔,✔,✔,✔,✔,✔,✔,✔,✔,✔,✔,✔,✔,✔,✔,✔,✔,✗,✔,✔,✔,✔,✔,✔,✔,✔,✔,✔,✗,✔,✗,✔,,,,,,,,
Evergoods Civic Panel Loader 28L,82%,✔,✔,✔,✗,✔,✔,✔,✔,✔,✔,✔,✗,✔,✔,✔,✔,✔,✗,✔,✗,✔,✔,✔,✔,✔,✗,✔,✔,✗,✔,✔,✔,✔,✔,✔,✔,✗,✔,✔,✔,✔,✗,✔,✔,✔,✔,✔,✔,✔,✔,✔,✔,✗,✔,✗,✔,,,,,,,,
Evergoods Civic Travel Bag 26L,82%,✔,✔,✔,✗,✔,✔,✔,✔,✔,✔,✔,✗,✔,✔,✔,✔,✔,✗,✔,✗,✔,✔,✔,✔,✔,✗,✔,✔,✗,✔,✔,✔,✔,✔,✔,✔,✗,✔,✔,✔,✔,✗,✔,✔,✔,✔,✔,✔,✔,✔,✔,✔,✗,✔,✗,✔,,,,,,,,
Evergoods Civic Travel Bag 35L,64%,✔,✔,✔,✗,✗,✔,✗,✔,✔,✔,✔,✗,✔,✔,✔,✔,✔,✗,✗,✗,✗,✔,✔,✔,✔,✗,✔,✔,✗,✗,✔,✔,✔,✔,✔,✗,✗,✗,✔,✔,✗,✗,✔,✔,✔,✔,✔,✔,✔,✔,✗,✔,✗,✔,✗,✗,,,,,,,,
Everyman Hideout,82%,✔,✔,✔,✗,✔,✔,✔,✔,✔,✔,✔,✗,✔,✔,✔,✔,✔,✗,✔,✗,✔,✔,✔,✔,✔,✗,✔,✔,✗,✔,✔,✔,✔,✔,✔,✔,✗,✔,✔,✔,✔,✗,✔,✔,✔,✔,✔,✔,✔,✔,✔,✔,✗,✔,✗,✔,,,,,,,,
Exped Skyline 15,89%,✔,✔,✔,✔,✔,✔,✗,✔,✔,✔,✔,✔,✔,✔,✔,✔,✔,✔,✔,✗,✔,✔,✔,✔,✔,✔,✔,✔,✔,✔,✔,✔,✔,✔,✔,✔,✔,✔,✔,✔,✗,✗,✔,✔,✔,✔,✔,✔,✔,✔,✔,✔,✗,✔,✗,✔,,,,,,,,
Exped Typhoon 25,93%,✔,✔,✔,✔,✔,✔,✔,✔,✔,✔,✔,✔,✔,✔,✔,✔,✔,✔,✔,✗,✔,✔,✔,✔,✔,✔,✔,✔,✔,✔,✔,✔,✔,✔,✔,✔,✔,✔,✔,✔,✔,✗,✔,✔,✔,✔,✔,✔,✔,✔,✔,✔,✗,✔,✗,✔,,,,,,,,
Fjallraven Raven,95%,✔,✔,✔,✔,✔,✔,✔,✔,✔,✔,✔,✔,✔,✔,✔,✔,✔,✔,✔,✔,✔,✔,✔,✔,✔,✔,✔,✔,✔,✔,✔,✔,✔,✔,✔,✔,✔,✔,✔,✔,✔,✗,✔,✔,✔,✔,✔,✔,✔,✔,✔,✔,✗,✔,✗,✔,,,,,,,,
Fjallraven Skule 28,16%,✗,✗,✗,✗,✗,✔,✗,✗,✗,✗,✗,✗,✗,✔,✗,✗,✔,✗,✗,✗,✗,✗,✗,✗,✗,✗,✗,✗,✗,✗,✗,✔,✗,✗,✗,✗,✗,✗,✗,✗,✗,✗,✔,✔,✔,✗,✔,✗,✔,✗,✗,✗,✗,✗,✗,✗,,,,,,,,
Fjallraven Ulvö 23,95%,✔,✔,✔,✔,✔,✔,✔,✔,✔,✔,✔,✔,✔,✔,✔,✔,✔,✔,✔,✔,✔,✔,✔,✔,✔,✔,✔,✔,✔,✔,✔,✔,✔,✔,✔,✔,✔,✔,✔,✔,✔,✗,✔,✔,✔,✔,✔,✔,✔,✔,✔,✔,✗,✔,✗,✔,,,,,,,,
Fjallraven Ulvö Rolltop 30,93%,✔,✔,✔,✔,✔,✔,✔,✔,✔,✔,✔,✔,✔,✔,✔,✔,✔,✔,✔,✗,✔,✔,✔,✔,✔,✔,✔,✔,✔,✔,✔,✔,✔,✔,✔,✔,✔,✔,✔,✔,✔,✗,✔,✔,✔,✔,✔,✔,✔,✔,✔,✔,✗,✔,✗,✔,,,,,,,,
GORUCK Bullet Ruck Dynema,93%,✔,✔,✔,✔,✔,✔,✔,✔,✔,✔,✔,✔,✔,✔,✔,✔,✔,✔,✔,✗,✔,✔,✔,✔,✔,✔,✔,✔,✔,✔,✔,✔,✔,✔,✔,✔,✔,✔,✔,✔,✔,✗,✔,✔,✔,✔,✔,✔,✔,✔,✔,✔,✗,✔,✗,✔,,,,,,,,
GORUCK Bullet Ruck Laptop 16L,93%,✔,✔,✔,✔,✔,✔,✔,✔,✔,✔,✔,✔,✔,✔,✔,✔,✔,✔,✔,✗,✔,✔,✔,✔,✔,✔,✔,✔,✔,✔,✔,✔,✔,✔,✔,✔,✔,✔,✔,✔,✔,✗,✔,✔,✔,✔,✔,✔,✔,✔,✔,✔,✗,✔,✗,✔,,,,,,,,
GORUCK GR1 26,93%,✔,✔,✔,✔,✔,✔,✔,✔,✔,✔,✔,✔,✔,✔,✔,✔,✔,✔,✔,✗,✔,✔,✔,✔,✔,✔,✔,✔,✔,✔,✔,✔,✔,✔,✔,✔,✔,✔,✔,✔,✔,✗,✔,✔,✔,✔,✔,✔,✔,✔,✔,✔,✗,✔,✗,✔,,,,,,,,
GORUCK GR1 Dynema 21,93%,✔,✔,✔,✔,✔,✔,✔,✔,✔,✔,✔,✔,✔,✔,✔,✔,✔,✔,✔,✗,✔,✔,✔,✔,✔,✔,✔,✔,✔,✔,✔,✔,✔,✔,✔,✔,✔,✔,✔,✔,✔,✗,✔,✔,✔,✔,✔,✔,✔,✔,✔,✔,✗,✔,✗,✔,,,,,,,,
GORUCK GR2 26,93%,✔,✔,✔,✔,✔,✔,✔,✔,✔,✔,✔,✔,✔,✔,✔,✔,✔,✔,✔,✗,✔,✔,✔,✔,✔,✔,✔,✔,✔,✔,✔,✔,✔,✔,✔,✔,✔,✔,✔,✔,✔,✗,✔,✔,✔,✔,✔,✔,✔,✔,✔,✔,✗,✔,✗,✔,,,,,,,,
GORUCK GR2 34,77%,✔,✔,✔,✗,✔,✔,✗,✔,✔,✔,✔,✗,✔,✔,✔,✔,✔,✗,✔,✗,✗,✔,✔,✔,✔,✗,✔,✔,✗,✔,✔,✔,✔,✔,✔,✔,✗,✔,✔,✔,✗,✗,✔,✔,✔,✔,✔,✔,✔,✔,✔,✔,✗,✔,✗,✔,,,,,,,,
GORUCK GR2 40,48%,✗,✗,✗,✗,✗,✔,✗,✔,✔,✔,✗,✗,✗,✔,✔,✔,✔,✗,✔,✗,✗,✔,✔,✗,✔,✗,✔,✔,✗,✗,✗,✔,✔,✔,✔,✗,✗,✗,✗,✔,✗,✗,✔,✔,✔,✔,✔,✗,✔,✗,✔,✔,✗,✗,✗,✗,,,,,,,,
Gossamer Gear Vagabond Jet,93%,✔,✔,✔,✔,✔,✔,✔,✔,✔,✔,✔,✔,✔,✔,✔,✔,✔,✔,✔,✗,✔,✔,✔,✔,✔,✔,✔,✔,✔,✔,✔,✔,✔,✔,✔,✔,✔,✔,✔,✔,✔,✗,✔,✔,✔,✔,✔,✔,✔,✔,✔,✔,✗,✔,✗,✔,,,,,,,,
Graphene-x LIMITLESS Backpack,91%,✔,✔,✔,✔,✔,✔,✔,✔,✔,✔,✔,✔,✔,✔,✔,✔,✔,✔,✔,✗,✔,✔,✔,✔,✔,✔,✔,✔,✔,✔,✔,✔,✔,✔,✔,✔,✔,✔,✔,✔,✗,✗,✔,✔,✔,✔,✔,✔,✔,✔,✔,✔,✗,✔,✗,✔,,,,,,,,
Greenroom Rainmaker,98%,✔,✔,✔,✔,✔,✔,✔,✔,✔,✔,✔,✔,✔,✔,✔,✔,✔,✔,✔,✔,✔,✔,✔,✔,✔,✔,✔,✔,✔,✔,✔,✔,✔,✔,✔,✔,✔,✔,✔,✔,✔,✗,✔,✔,✔,✔,✔,✔,✔,✔,✔,✔,✔,✔,✔,✔,,,,,,,,
Gregory Border 18,93%,✔,✔,✔,✔,✔,✔,✔,✔,✔,✔,✔,✔,✔,✔,✔,✔,✔,✔,✔,✗,✔,✔,✔,✔,✔,✔,✔,✔,✔,✔,✔,✔,✔,✔,✔,✔,✔,✔,✔,✔,✔,✗,✔,✔,✔,✔,✔,✔,✔,✔,✔,✔,✗,✔,✗,✔,,,,,,,,
Hanchorr Pipe T1,93%,✔,✔,✔,✔,✔,✔,✔,✔,✔,✔,✔,✔,✔,✔,✔,✔,✔,✔,✔,✗,✔,✔,✔,✔,✔,✔,✔,✔,✔,✔,✔,✔,✔,✔,✔,✔,✔,✔,✔,✔,✔,✗,✔,✔,✔,✔,✔,✔,✔,✔,✔,✔,✗,✔,✗,✔,,,,,,,,
Heimplanet Monolith Daypack,93%,✔,✔,✔,✔,✔,✔,✔,✔,✔,✔,✔,✔,✔,✔,✔,✔,✔,✔,✔,✗,✔,✔,✔,✔,✔,✔,✔,✔,✔,✔,✔,✔,✔,✔,✔,✔,✔,✔,✔,✔,✔,✗,✔,✔,✔,✔,✔,✔,✔,✔,✔,✔,✗,✔,✗,✔,,,,,,,,
Heimplanet Transit Line Travel Pack 28L,93%,✔,✔,✔,✔,✔,✔,✔,✔,✔,✔,✔,✔,✔,✔,✔,✔,✔,✔,✔,✗,✔,✔,✔,✔,✔,✔,✔,✔,✔,✔,✔,✔,✔,✔,✔,✔,✔,✔,✔,✔,✔,✗,✔,✔,✔,✔,✔,✔,✔,✔,✔,✔,✗,✔,✗,✔,,,,,,,,
Heimplanet Transit Line Travel Pack 34L,89%,✔,✔,✔,✔,✔,✔,✗,✔,✔,✔,✔,✔,✔,✔,✔,✔,✔,✔,✔,✗,✔,✔,✔,✔,✔,✔,✔,✔,✔,✔,✔,✔,✔,✔,✔,✔,✔,✔,✔,✔,✗,✗,✔,✔,✔,✔,✔,✔,✔,✔,✔,✔,✗,✔,✗,✔,,,,,,,,
HikePro Packable Backpack,93%,✔,✔,✔,✔,✔,✔,✔,✔,✔,✔,✔,✔,✔,✔,✔,✔,✔,✔,✔,✗,✔,✔,✔,✔,✔,✔,✔,✔,✔,✔,✔,✔,✔,✔,✔,✔,✔,✔,✔,✔,✔,✗,✔,✔,✔,✔,✔,✔,✔,✔,✔,✔,✗,✔,✗,✔,,,,,,,,
Hill People Gear Hamatumara,95%,✔,✔,✔,✔,✔,✔,✔,✔,✔,✔,✔,✔,✔,✔,✔,✔,✔,✔,✔,✔,✔,✔,✔,✔,✔,✔,✔,✔,✔,✔,✔,✔,✔,✔,✔,✔,✔,✔,✔,✔,✔,✗,✔,✔,✔,✔,✔,✔,✔,✔,✔,✔,✗,✔,✗,✔,,,,,,,,
ILE Default,93%,✔,✔,✔,✔,✔,✔,✔,✔,✔,✔,✔,✔,✔,✔,✔,✔,✔,✔,✔,✗,✔,✔,✔,✔,✔,✔,✔,✔,✔,✔,✔,✔,✔,✔,✔,✔,✔,✔,✔,✔,✔,✗,✔,✔,✔,✔,✔,✔,✔,✔,✔,✔,✗,✔,✗,✔,,,,,,,,
ILE Radius,93%,✔,✔,✔,✔,✔,✔,✔,✔,✔,✔,✔,✔,✔,✔,✔,✔,✔,✔,✔,✗,✔,✔,✔,✔,✔,✔,✔,✔,✔,✔,✔,✔,✔,✔,✔,✔,✔,✔,✔,✔,✔,✗,✔,✔,✔,✔,✔,✔,✔,✔,✔,✔,✗,✔,✗,✔,,,,,,,,
Incase EO,54%,✔,✔,✔,✔,✗,✔,✗,✗,✗,✗,✔,✔,✔,✔,✗,✗,✔,✔,✗,✗,✔,✔,✗,✔,✔,✔,✗,✔,✔,✗,✔,✔,✗,✗,✗,✗,✔,✗,✔,✗,✗,✗,✔,✔,✔,✔,✔,✔,✔,✔,✗,✗,✗,✗,✗,✗,,,,,,,,
Jansport Gnarly Gnapsack 30,91%,✔,✔,✔,✔,✔,✔,✔,✔,✔,✔,✔,✔,✔,✔,✔,✔,✔,✔,✔,✗,✔,✔,✔,✔,✔,✔,✔,✔,✔,✔,✔,✔,✔,✔,✔,✔,✔,✔,✔,✔,✗,✗,✔,✔,✔,✔,✔,✔,✔,✔,✔,✔,✗,✔,✗,✔,,,,,,,,
Jansport Main Campus,82%,✔,✔,✔,✗,✔,✔,✔,✔,✔,✔,✔,✗,✔,✔,✔,✔,✔,✗,✔,✗,✔,✔,✔,✔,✔,✗,✔,✔,✗,✔,✔,✔,✔,✔,✔,✔,✗,✔,✔,✔,✔,✗,✔,✔,✔,✔,✔,✔,✔,✔,✔,✔,✗,✔,✗,✔,,,,,,,,
Jansport Odyssey,7%,✗,✗,✗,✗,✗,✔,✗,✗,✗,✗,✗,✗,✗,✗,✗,✗,✗,✗,✗,✗,✗,✗,✗,✗,✗,✗,✗,✗,✗,✗,✗,✗,✗,✗,✗,✗,✗,✗,✗,✗,✗,✗,✔,✔,✔,✗,✗,✗,✗,✗,✗,✗,✗,✗,✗,✗,,,,,,,,
Jansport Right Pack,95%,✔,✔,✔,✔,✔,✔,✔,✔,✔,✔,✔,✔,✔,✔,✔,✔,✔,✔,✔,✔,✔,✔,✔,✔,✔,✔,✔,✔,✔,✔,✔,✔,✔,✔,✔,✔,✔,✔,✔,✔,✔,✗,✔,✔,✔,✔,✔,✔,✔,✔,✔,✔,✗,✔,✗,✔,,,,,,,,
Jansport Superbreak,82%,✔,✔,✔,✗,✔,✔,✔,✔,✔,✔,✔,✗,✔,✔,✔,✔,✔,✗,✔,✗,✔,✔,✔,✔,✔,✗,✔,✔,✗,✔,✔,✔,✔,✔,✔,✔,✗,✔,✔,✔,✔,✗,✔,✔,✔,✔,✔,✔,✔,✔,✔,✔,✗,✔,✗,✔,,,,,,,,
Jansport West Break,95%,✔,✔,✔,✔,✔,✔,✔,✔,✔,✔,✔,✔,✔,✔,✔,✔,✔,✔,✔,✔,✔,✔,✔,✔,✔,✔,✔,✔,✔,✔,✔,✔,✔,✔,✔,✔,✔,✔,✔,✔,✔,✗,✔,✔,✔,✔,✔,✔,✔,✔,✔,✔,✗,✔,✗,✔,,,,,,,,
Kifaru Antero,93%,✔,✔,✔,✔,✔,✔,✔,✔,✔,✔,✔,✔,✔,✔,✔,✔,✔,✔,✔,✗,✔,✔,✔,✔,✔,✔,✔,✔,✔,✔,✔,✔,✔,✔,✔,✔,✔,✔,✔,✔,✔,✗,✔,✔,✔,✔,✔,✔,✔,✔,✔,✔,✗,✔,✗,✔,,,,,,,,
KS Ultralight KS27,86%,✔,✔,✔,✔,✔,✔,✗,✔,✔,✔,✔,✔,✔,✔,✔,✔,✔,✔,✔,✗,✔,✔,✔,✔,✔,✔,✔,✔,✔,✔,✔,✔,✔,✔,✔,✔,✔,✔,✔,✔,✗,✗,✔,✔,✔,✔,✔,✔,✔,✔,✔,✔,✗,✗,✗,✗,,,,,,,,
L.L.Bean Stowaway Pack,93%,✔,✔,✔,✔,✔,✔,✔,✔,✔,✔,✔,✔,✔,✔,✔,✔,✔,✔,✔,✗,✔,✔,✔,✔,✔,✔,✔,✔,✔,✔,✔,✔,✔,✔,✔,✔,✔,✔,✔,✔,✔,✗,✔,✔,✔,✔,✔,✔,✔,✔,✔,✔,✗,✔,✗,✔,,,,,,,,
Matador Beast28 Packable Backpack,46%,✗,✗,✗,✗,✗,✔,✗,✔,✔,✔,✗,✗,✗,✔,✔,✔,✔,✗,✔,✗,✗,✔,✔,✗,✔,✗,✔,✔,✗,✗,✗,✔,✗,✔,✔,✗,✗,✗,✗,✔,✗,✗,✔,✔,✔,✔,✔,✗,✔,✗,✔,✔,✗,✗,✗,✗,,,,,,,,
Matador SEG28 Backpack,39%,✔,✔,✗,✗,✔,✔,✗,✗,✗,✗,✔,✗,✗,✔,✗,✗,✔,✗,✗,✗,✗,✔,✗,✗,✔,✗,✗,✔,✗,✔,✔,✔,✗,✗,✗,✔,✗,✔,✗,✗,✗,✗,✔,✔,✔,✔,✔,✗,✔,✗,✗,✗,✗,✗,✗,✔,,,,,,,,
Millican Smith 15L,95%,✔,✔,✔,✔,✔,✔,✔,✔,✔,✔,✔,✔,✔,✔,✔,✔,✔,✔,✔,✔,✔,✔,✔,✔,✔,✔,✔,✔,✔,✔,✔,✔,✔,✔,✔,✔,✔,✔,✔,✔,✔,✗,✔,✔,✔,✔,✔,✔,✔,✔,✔,✔,✗,✔,✗,✔,,,,,,,,
Millican Smith 18L,93%,✔,✔,✔,✔,✔,✔,✔,✔,✔,✔,✔,✔,✔,✔,✔,✔,✔,✔,✔,✗,✔,✔,✔,✔,✔,✔,✔,✔,✔,✔,✔,✔,✔,✔,✔,✔,✔,✔,✔,✔,✔,✗,✔,✔,✔,✔,✔,✔,✔,✔,✔,✔,✗,✔,✗,✔,,,,,,,,
Millican Smith 25L,89%,✔,✔,✔,✔,✔,✔,✗,✔,✔,✔,✔,✔,✔,✔,✔,✔,✔,✔,✔,✗,✔,✔,✔,✔,✔,✔,✔,✔,✔,✔,✔,✔,✔,✔,✔,✔,✔,✔,✔,✔,✗,✗,✔,✔,✔,✔,✔,✔,✔,✔,✔,✔,✗,✔,✗,✔,,,,,,,,
Minaal Carry-on 3.0,86%,✔,✔,✔,✔,✔,✔,✗,✔,✔,✔,✔,✔,✔,✔,✔,✔,✔,✔,✔,✗,✔,✔,✔,✔,✔,✔,✔,✔,✔,✔,✔,✔,✔,✔,✔,✔,✔,✔,✔,✔,✗,✗,✔,✔,✔,✔,✔,✔,✔,✔,✔,✔,✗,✗,✗,✗,,,,,,,,
"Minaal Daily 3,0",95%,✔,✔,✔,✔,✔,✔,✔,✔,✔,✔,✔,✔,✔,✔,✔,✔,✔,✔,✔,✔,✔,✔,✔,✔,✔,✔,✔,✔,✔,✔,✔,✔,✔,✔,✔,✔,✔,✔,✔,✔,✔,✗,✔,✔,✔,✔,✔,✔,✔,✔,✔,✔,✗,✔,✗,✔,,,,,,,,
Mixed Works Falcon S,93%,✔,✔,✔,✔,✔,✔,✔,✔,✔,✔,✔,✔,✔,✔,✔,✔,✔,✔,✔,✗,✔,✔,✔,✔,✔,✔,✔,✔,✔,✔,✔,✔,✔,✔,✔,✔,✔,✔,✔,✔,✔,✗,✔,✔,✔,✔,✔,✔,✔,✔,✔,✔,✗,✔,✗,✔,,,,,,,,
Moment Everything Backpack 17L Overnight,95%,✔,✔,✔,✔,✔,✔,✔,✔,✔,✔,✔,✔,✔,✔,✔,✔,✔,✔,✔,✔,✔,✔,✔,✔,✔,✔,✔,✔,✔,✔,✔,✔,✔,✔,✔,✔,✔,✔,✔,✔,✔,✗,✔,✔,✔,✔,✔,✔,✔,✔,✔,✔,✗,✔,✗,✔,,,,,,,,
Moment Everything Backpack 21L Overnight,93%,✔,✔,✔,✔,✔,✔,✔,✔,✔,✔,✔,✔,✔,✔,✔,✔,✔,✔,✔,✗,✔,✔,✔,✔,✔,✔,✔,✔,✔,✔,✔,✔,✔,✔,✔,✔,✔,✔,✔,✔,✔,✗,✔,✔,✔,✔,✔,✔,✔,✔,✔,✔,✗,✔,✗,✔,,,,,,,,
Mountainsmith Divide,93%,✔,✔,✔,✔,✔,✔,✔,✔,✔,✔,✔,✔,✔,✔,✔,✔,✔,✔,✔,✗,✔,✔,✔,✔,✔,✔,✔,✔,✔,✔,✔,✔,✔,✔,✔,✔,✔,✔,✔,✔,✔,✗,✔,✔,✔,✔,✔,✔,✔,✔,✔,✔,✗,✔,✗,✔,,,,,,,,
Mystery Ranch In & Out,79%,✔,✔,✔,✗,✔,✔,✔,✔,✔,✔,✔,✗,✔,✔,✔,✔,✔,✗,✔,✗,✗,✔,✔,✔,✔,✗,✔,✔,✗,✔,✔,✔,✗,✔,✔,✔,✗,✔,✔,✔,✔,✗,✔,✔,✔,✔,✔,✔,✔,✔,✔,✔,✗,✔,✗,✔,,,,,,,,
Mystery Ranch Scree 22,38%,✔,✔,✗,✗,✔,✔,✗,✗,✗,✗,✔,✗,✗,✔,✗,✗,✔,✗,✗,✗,✗,✔,✗,✗,✔,✗,✗,✔,✗,✔,✔,✔,✗,✗,✗,✔,✗,✔,✗,✗,✗,✗,✔,✔,✔,✔,✔,✗,✔,✗,✗,✗,✗,✗,✗,✗,,,,,,,,
Mystery Ranch Scree 32,0%,✗,✗,✗,✗,✗,✗,✗,✗,✗,✗,✗,✗,✗,✗,✗,✗,✗,✗,✗,✗,✗,✗,✗,✗,✗,✗,✗,✗,✗,✗,✗,✗,✗,✗,✗,✗,✗,✗,✗,✗,✗,✗,✗,✗,✗,✗,✗,✗,✗,✗,✗,✗,✗,✗,✗,✗,,,,,,,,
Nomatic Backpack,93%,✔,✔,✔,✔,✔,✔,✔,✔,✔,✔,✔,✔,✔,✔,✔,✔,✔,✔,✔,✗,✔,✔,✔,✔,✔,✔,✔,✔,✔,✔,✔,✔,✔,✔,✔,✔,✔,✔,✔,✔,✔,✗,✔,✔,✔,✔,✔,✔,✔,✔,✔,✔,✗,✔,✗,✔,,,,,,,,
Nomatic Navigator Collapsible Pack 16L,93%,✔,✔,✔,✔,✔,✔,✔,✔,✔,✔,✔,✔,✔,✔,✔,✔,✔,✔,✔,✗,✔,✔,✔,✔,✔,✔,✔,✔,✔,✔,✔,✔,✔,✔,✔,✔,✔,✔,✔,✔,✔,✗,✔,✔,✔,✔,✔,✔,✔,✔,✔,✔,✗,✔,✗,✔,,,,,,,,
Nomatic Travel Bag 30L,80%,✔,✔,✔,✗,✔,✔,✔,✔,✔,✔,✔,✗,✔,✔,✔,✔,✔,✗,✔,✗,✗,✔,✔,✔,✔,✗,✔,✔,✗,✔,✔,✔,✔,✔,✔,✔,✗,✔,✔,✔,✔,✗,✔,✔,✔,✔,✔,✔,✔,✔,✔,✔,✗,✔,✗,✔,,,,,,,,
Nomatic Travel Bag 40L,63%,✔,✔,✔,✗,✗,✔,✗,✔,✔,✔,✔,✗,✔,✔,✔,✔,✔,✗,✗,✗,✗,✔,✔,✔,✔,✗,✔,✔,✗,✗,✔,✔,✔,✔,✔,✗,✗,✗,✔,✔,✗,✗,✔,✔,✔,✔,✔,✔,✔,✔,✗,✔,✗,✗,✗,✗,,,,,,,,
Nomatic Travel Pack,93%,✔,✔,✔,✔,✔,✔,✔,✔,✔,✔,✔,✔,✔,✔,✔,✔,✔,✔,✔,✗,✔,✔,✔,✔,✔,✔,✔,✔,✔,✔,✔,✔,✔,✔,✔,✔,✔,✔,✔,✔,✔,✗,✔,✔,✔,✔,✔,✔,✔,✔,✔,✔,✗,✔,✗,✔,,,,,,,,
Northface Base Camp Voyager Daypack,93%,✔,✔,✔,✔,✔,✔,✔,✔,✔,✔,✔,✔,✔,✔,✔,✔,✔,✔,✔,✗,✔,✔,✔,✔,✔,✔,✔,✔,✔,✔,✔,✔,✔,✔,✔,✔,✔,✔,✔,✔,✔,✗,✔,✔,✔,✔,✔,✔,✔,✔,✔,✔,✗,✔,✗,✔,,,,,,,,
Northface Base Camp Voyager Travel Pack,93%,✔,✔,✔,✔,✔,✔,✔,✔,✔,✔,✔,✔,✔,✔,✔,✔,✔,✔,✔,✗,✔,✔,✔,✔,✔,✔,✔,✔,✔,✔,✔,✔,✔,✔,✔,✔,✔,✔,✔,✔,✔,✗,✔,✔,✔,✔,✔,✔,✔,✔,✔,✔,✗,✔,✗,✔,,,,,,,,
Northface Voyager Duffle,11%,✗,✗,✗,✗,✗,✔,✗,✗,✗,✗,✗,✗,✗,✗,✗,✗,✗,✗,✗,✗,✗,✗,✗,✗,✔,✗,✗,✗,✗,✗,✗,✗,✗,✗,✗,✗,✗,✗,✗,✗,✗,✗,✔,✔,✔,✔,✗,✗,✗,✗,✗,✗,✗,✗,✗,✗,,,,,,,,
Osprey Aoede Airspeed Backpack,80%,✔,✔,✔,✗,✔,✔,✔,✔,✔,✔,✔,✗,✔,✔,✔,✔,✔,✗,✔,✗,✗,✔,✔,✔,✔,✗,✔,✔,✗,✔,✔,✔,✔,✔,✔,✔,✗,✔,✔,✔,✔,✗,✔,✔,✔,✔,✔,✔,✔,✔,✔,✔,✗,✔,✗,✔,,,,,,,,
Osprey Aoede Briefpack,41%,✔,✔,✗,✗,✔,✔,✗,✗,✗,✗,✔,✗,✗,✔,✗,✗,✔,✗,✗,✗,✗,✔,✗,✗,✔,✗,✗,✔,✗,✔,✔,✔,✗,✗,✗,✔,✗,✔,✗,✗,✔,✗,✔,✔,✔,✔,✔,✗,✔,✗,✗,✗,✗,✗,✗,✔,,,,,,,,
Osprey Daylite Carry-On Travel Pack 35,7%,✗,✗,✗,✗,✗,✔,✗,✗,✗,✗,✗,✗,✗,✗,✗,✗,✗,✗,✗,✗,✗,✗,✗,✗,✗,✗,✗,✗,✗,✗,✗,✗,✗,✗,✗,✗,✗,✗,✗,✗,✗,✗,✔,✔,✔,✗,✗,✗,✗,✗,✗,✗,✗,✗,✗,✗,,,,,,,,
Osprey Daylite Expandable Travel Pack 26+6,95%,✔,✔,✔,✔,✔,✔,✔,✔,✔,✔,✔,✔,✔,✔,✔,✔,✔,✔,✔,✔,✔,✔,✔,✔,✔,✔,✔,✔,✔,✔,✔,✔,✔,✔,✔,✔,✔,✔,✔,✔,✔,✗,✔,✔,✔,✔,✔,✔,✔,✔,✔,✔,✗,✔,✗,✔,,,,,,,,
Osprey Daylite Expandable Travel Pack 26+6 (2024),95%,✔,✔,✔,✔,✔,✔,✔,✔,✔,✔,✔,✔,✔,✔,✔,✔,✔,✔,✔,✔,✔,✔,✔,✔,✔,✔,✔,✔,✔,✔,✔,✔,✔,✔,✔,✔,✔,✔,✔,✔,✔,✗,✔,✔,✔,✔,✔,✔,✔,✔,✔,✔,✗,✔,✗,✔,,,,,,,,
Osprey Fairview,45%,✗,✗,✗,✗,✗,✔,✗,✔,✔,✔,✗,✗,✗,✔,✔,✔,✔,✗,✗,✗,✗,✔,✔,✗,✔,✗,✔,✔,✗,✗,✗,✔,✔,✔,✔,✗,✗,✗,✗,✔,✗,✗,✔,✔,✔,✔,✔,✗,✔,✗,✗,✔,✗,✗,✗,✗,,,,,,,,
Osprey Farpoint 40,55%,✔,✔,✔,✗,✗,✔,✗,✗,✗,✔,✔,✗,✔,✔,✔,✔,✔,✗,✗,✗,✗,✔,✔,✔,✔,✗,✗,✔,✗,✗,✔,✔,✗,✔,✔,✗,✗,✗,✔,✔,✗,✗,✔,✔,✔,✔,✔,✔,✔,✔,✗,✔,✗,✗,✗,✗,,,,,,,,
Osprey Nebula,14%,✗,✗,✗,✗,✗,✔,✗,✗,✗,✗,✗,✗,✗,✗,✗,✗,✗,✗,✗,✗,✗,✗,✗,✗,✗,✗,✗,✗,✗,✗,✗,✗,✗,✗,✗,✗,✗,✗,✗,✗,✗,✗,✔,✔,✔,✗,✗,✗,✗,✗,✗,✗,✗,✗,✗,✗,,,,,,,,
Osprey Nebula,14%,✗,✗,✗,✗,✗,✔,✗,✗,✗,✗,✗,✗,✗,✗,✗,✗,✗,✗,✗,✗,✗,✗,✗,✗,✗,✗,✗,✗,✗,✗,✗,✗,✗,✗,✗,✗,✗,✗,✗,✗,✗,✗,✔,✔,✔,✗,✗,✗,✗,✗,✗,✗,✗,✗,✗,✗,,,,,,,,
Osprey Porter Travel Pack 30,93%,✔,✔,✔,✔,✔,✔,✔,✔,✔,✔,✔,✔,✔,✔,✔,✔,✔,✔,✔,✗,✔,✔,✔,✔,✔,✔,✔,✔,✔,✔,✔,✔,✔,✔,✔,✔,✔,✔,✔,✔,✔,✗,✔,✔,✔,✔,✔,✔,✔,✔,✔,✔,✗,✔,✗,✔,,,,,,,,
Osprey Porter Travel Pack 46,63%,✔,✔,✔,✗,✗,✔,✗,✔,✔,✔,✔,✗,✔,✔,✔,✔,✔,✗,✗,✗,✗,✔,✔,✔,✔,✗,✔,✔,✗,✗,✔,✔,✔,✔,✔,✗,✗,✗,✔,✔,✗,✗,✔,✔,✔,✔,✔,✔,✔,✔,✗,✔,✗,✗,✗,✗,,,,,,,,
Osprey Talon 22,80%,✔,✔,✔,✗,✔,✔,✔,✔,✔,✔,✔,✗,✔,✔,✔,✔,✔,✗,✔,✗,✗,✔,✔,✔,✔,✗,✔,✔,✗,✔,✔,✔,✔,✔,✔,✔,✗,✔,✔,✔,✔,✗,✔,✔,✔,✔,✔,✔,✔,✔,✔,✔,✗,✔,✗,✔,,,,,,,,
Osprey Transporter Carryon 44,0%,✗,✗,✗,✗,✗,✗,✗,✗,✗,✗,✗,✗,✗,✗,✗,✗,✗,✗,✗,✗,✗,✗,✗,✗,✗,✗,✗,✗,✗,✗,✗,✗,✗,✗,✗,✗,✗,✗,✗,✗,✗,✗,✗,✗,✗,✗,✗,✗,✗,✗,✗,✗,✗,✗,✗,✗,,,,,,,,
Osprey Transporter Global Carryon,7%,✗,✗,✗,✗,✗,✔,✗,✗,✗,✗,✗,✗,✗,✗,✗,✗,✗,✗,✗,✗,✗,✗,✗,✗,✗,✗,✗,✗,✗,✗,✗,✗,✗,✗,✗,✗,✗,✗,✗,✗,✗,✗,✔,✔,✔,✗,✗,✗,✗,✗,✗,✗,✗,✗,✗,✗,,,,,,,,
Outlander Packable Backpack,95%,✔,✔,✔,✔,✔,✔,✔,✔,✔,✔,✔,✔,✔,✔,✔,✔,✔,✔,✔,✔,✔,✔,✔,✔,✔,✔,✔,✔,✔,✔,✔,✔,✔,✔,✔,✔,✔,✔,✔,✔,✔,✗,✔,✔,✔,✔,✔,✔,✔,✔,✔,✔,✗,✔,✗,✔,,,,,,,,
Pacsafe Venturesafe 25L GII Anti-Theft Travel Pack,93%,✔,✔,✔,✔,✔,✔,✔,✔,✔,✔,✔,✔,✔,✔,✔,✔,✔,✔,✔,✗,✔,✔,✔,✔,✔,✔,✔,✔,✔,✔,✔,✔,✔,✔,✔,✔,✔,✔,✔,✔,✔,✗,✔,✔,✔,✔,✔,✔,✔,✔,✔,✔,✗,✔,✗,✔,,,,,,,,
Pacsafe x30,89%,✔,✔,✔,✔,✔,✔,✗,✔,✔,✔,✔,✔,✔,✔,✔,✔,✔,✔,✔,✗,✔,✔,✔,✔,✔,✔,✔,✔,✔,✔,✔,✔,✔,✔,✔,✔,✔,✔,✔,✔,✗,✗,✔,✔,✔,✔,✔,✔,✔,✔,✔,✔,✗,✔,✗,✔,,,,,,,,
Pakt Everyday 15L Backpack,95%,✔,✔,✔,✔,✔,✔,✔,✔,✔,✔,✔,✔,✔,✔,✔,✔,✔,✔,✔,✔,✔,✔,✔,✔,✔,✔,✔,✔,✔,✔,✔,✔,✔,✔,✔,✔,✔,✔,✔,✔,✔,✗,✔,✔,✔,✔,✔,✔,✔,✔,✔,✔,✗,✔,✗,✔,,,,,,,,
Pakt Everyday 22L Backpack,93%,✔,✔,✔,✔,✔,✔,✔,✔,✔,✔,✔,✔,✔,✔,✔,✔,✔,✔,✔,✗,✔,✔,✔,✔,✔,✔,✔,✔,✔,✔,✔,✔,✔,✔,✔,✔,✔,✔,✔,✔,✔,✗,✔,✔,✔,✔,✔,✔,✔,✔,✔,✔,✗,✔,✗,✔,,,,,,,,
Pakt The Travel Backpack 35L v2,75%,✔,✔,✔,✗,✔,✔,✗,✔,✔,✔,✔,✗,✔,✔,✔,✔,✔,✗,✔,✗,✔,✔,✔,✔,✔,✗,✔,✔,✗,✔,✔,✔,✔,✔,✔,✔,✗,✔,✔,✔,✗,✗,✔,✔,✔,✔,✔,✔,✔,✔,✔,✔,✗,✗,✗,✗,,,,,,,,
Pakt The Travel Backpack 45L v2,5%,✗,✗,✗,✗,✗,✔,✗,✗,✗,✗,✗,✗,✗,✗,✗,✗,✗,✗,✗,✗,✗,✗,✗,✗,✔,✗,✗,✗,✗,✗,✗,✗,✗,✗,✗,✗,✗,✗,✗,✗,✗,✗,✗,✗,✗,✔,✗,✗,✗,✗,✗,✗,✗,✗,✗,✗,,,,,,,,
Patagonia Black Hole Mini MLC 26L,89%,✔,✔,✔,✔,✔,✔,✗,✔,✔,✔,✔,✔,✔,✔,✔,✔,✔,✔,✔,✗,✔,✔,✔,✔,✔,✔,✔,✔,✔,✔,✔,✔,✔,✔,✔,✔,✔,✔,✔,✔,✗,✗,✔,✔,✔,✔,✔,✔,✔,✔,✔,✔,✗,✔,✗,✔,,,,,,,,
Patagonia Black Hole Mini MLC 30L,93%,✔,✔,✔,✔,✔,✔,✔,✔,✔,✔,✔,✔,✔,✔,✔,✔,✔,✔,✔,✗,✔,✔,✔,✔,✔,✔,✔,✔,✔,✔,✔,✔,✔,✔,✔,✔,✔,✔,✔,✔,✔,✗,✔,✔,✔,✔,✔,✔,✔,✔,✔,✔,✗,✔,✗,✔,,,,,,,,
Patagonia Black Hole Pack 25L,93%,✔,✔,✔,✔,✔,✔,✔,✔,✔,✔,✔,✔,✔,✔,✔,✔,✔,✔,✔,✗,✔,✔,✔,✔,✔,✔,✔,✔,✔,✔,✔,✔,✔,✔,✔,✔,✔,✔,✔,✔,✔,✗,✔,✔,✔,✔,✔,✔,✔,✔,✔,✔,✗,✔,✗,✔,,,,,,,,
Patagonia Black Hole Pack 32L,79%,✔,✔,✔,✗,✔,✔,✗,✔,✔,✔,✔,✗,✔,✔,✔,✔,✔,✗,✔,✗,✔,✔,✔,✔,✔,✗,✔,✔,✗,✔,✔,✔,✔,✔,✔,✔,✗,✔,✔,✔,✗,✗,✔,✔,✔,✔,✔,✔,✔,✔,✔,✔,✗,✔,✗,✔,,,,,,,,
Patagonia Refugio Daypack 26L,95%,✔,✔,✔,✔,✔,✔,✔,✔,✔,✔,✔,✔,✔,✔,✔,✔,✔,✔,✔,✔,✔,✔,✔,✔,✔,✔,✔,✔,✔,✔,✔,✔,✔,✔,✔,✔,✔,✔,✔,✔,✔,✗,✔,✔,✔,✔,✔,✔,✔,✔,✔,✔,✗,✔,✗,✔,,,,,,,,
Patagonia Refugio Daypack 30L,93%,✔,✔,✔,✔,✔,✔,✔,✔,✔,✔,✔,✔,✔,✔,✔,✔,✔,✔,✔,✗,✔,✔,✔,✔,✔,✔,✔,✔,✔,✔,✔,✔,✔,✔,✔,✔,✔,✔,✔,✔,✔,✗,✔,✔,✔,✔,✔,✔,✔,✔,✔,✔,✗,✔,✗,✔,,,,,,,,
Patagonia Ultralight Black Hole Tote Pack 27L,82%,✔,✔,✔,✗,✔,✔,✔,✔,✔,✔,✔,✗,✔,✔,✔,✔,✔,✗,✔,✗,✔,✔,✔,✔,✔,✗,✔,✔,✗,✔,✔,✔,✔,✔,✔,✔,✗,✔,✔,✔,✔,✗,✔,✔,✔,✔,✔,✔,✔,✔,✔,✔,✗,✔,✗,✔,,,,,,,,
Peak Design Travel Backpack 30L,89%,✔,✔,✔,✔,✔,✔,✗,✔,✔,✔,✔,✔,✔,✔,✔,✔,✔,✔,✔,✗,✔,✔,✔,✔,✔,✔,✔,✔,✔,✔,✔,✔,✔,✔,✔,✔,✔,✔,✔,✔,✗,✗,✔,✔,✔,✔,✔,✔,✔,✔,✔,✔,✗,✔,✗,✔,,,,,,,,
Peak Design Travel Backpack 45L,21%,✗,✗,✗,✗,✗,✔,✗,✗,✗,✗,✗,✗,✗,✔,✗,✗,✔,✗,✗,✗,✗,✗,✗,✗,✔,✗,✗,✔,✗,✗,✗,✔,✗,✗,✗,✗,✗,✗,✗,✗,✗,✗,✔,✔,✔,✔,✔,✗,✔,✗,✗,✗,✗,✗,✗,✗,,,,,,,,
Quechua NH 500 Hiking Backpack,82%,✔,✔,✔,✗,✔,✔,✔,✔,✔,✔,✔,✗,✔,✔,✔,✔,✔,✗,✔,✗,✔,✔,✔,✔,✔,✗,✔,✔,✗,✔,✔,✔,✔,✔,✔,✔,✗,✔,✔,✔,✔,✗,✔,✔,✔,✔,✔,✔,✔,✔,✔,✔,✗,✔,✗,✔,,,,,,,,
Quechua NH Escape 500 Rolltop,82%,✔,✔,✔,✗,✔,✔,✔,✔,✔,✔,✔,✗,✔,✔,✔,✔,✔,✗,✔,✗,✔,✔,✔,✔,✔,✗,✔,✔,✗,✔,✔,✔,✔,✔,✔,✔,✗,✔,✔,✔,✔,✗,✔,✔,✔,✔,✔,✔,✔,✔,✔,✔,✗,✔,✗,✔,,,,,,,,
REI Co-op Flash 22,82%,✔,✔,✔,✗,✔,✔,✔,✔,✔,✔,✔,✗,✔,✔,✔,✔,✔,✗,✔,✗,✔,✔,✔,✔,✔,✗,✔,✔,✗,✔,✔,✔,✔,✔,✔,✔,✗,✔,✔,✔,✔,✗,✔,✔,✔,✔,✔,✔,✔,✔,✔,✔,✗,✔,✗,✔,,,,,,,,
REI Co-op Ruckpack 28 Recycled Pack,80%,✔,✔,✔,✗,✔,✔,✔,✔,✔,✔,✔,✗,✔,✔,✔,✔,✔,✗,✔,✗,✗,✔,✔,✔,✔,✗,✔,✔,✗,✔,✔,✔,✔,✔,✔,✔,✗,✔,✔,✔,✔,✗,✔,✔,✔,✔,✔,✔,✔,✔,✔,✔,✗,✔,✗,✔,,,,,,,,
REI Co-op Ruckpack 40 Recycled Pack,0%,✗,✗,✗,✗,✗,✗,✗,✗,✗,✗,✗,✗,✗,✗,✗,✗,✗,✗,✗,✗,✗,✗,✗,✗,✗,✗,✗,✗,✗,✗,✗,✗,✗,✗,✗,✗,✗,✗,✗,✗,✗,✗,✗,✗,✗,✗,✗,✗,✗,✗,✗,✗,✗,✗,✗,✗,,,,,,,,
REI Co-op Trail 25,82%,✔,✔,✔,✗,✔,✔,✔,✔,✔,✔,✔,✗,✔,✔,✔,✔,✔,✗,✔,✗,✔,✔,✔,✔,✔,✗,✔,✔,✗,✔,✔,✔,✔,✔,✔,✔,✗,✔,✔,✔,✔,✗,✔,✔,✔,✔,✔,✔,✔,✔,✔,✔,✗,✔,✗,✔,,,,,,,,
REI Co-op Trail 40,48%,✗,✗,✗,✗,✗,✔,✗,✔,✔,✔,✗,✗,✗,✔,✔,✔,✔,✗,✔,✗,✗,✔,✔,✗,✔,✗,✔,✔,✗,✗,✗,✔,✔,✔,✔,✗,✗,✗,✗,✔,✗,✗,✔,✔,✔,✔,✔,✗,✔,✗,✔,✔,✗,✗,✗,✗,,,,,,,,
Remote Equipment Alpha 31 Pack,88%,✔,✔,✔,✔,✔,✔,✗,✔,✔,✔,✔,✔,✔,✔,✔,✔,✔,✔,✔,✗,✔,✔,✔,✔,✔,✔,✔,✔,✔,✔,✔,✔,✔,✔,✔,✔,✔,✔,✔,✔,✗,✗,✔,✔,✔,✔,✔,✔,✔,✔,✔,✔,✗,✗,✗,✔,,,,,,,,
Remote Equipment Charlie 25 Pack,89%,✔,✔,✔,✔,✔,✔,✗,✔,✔,✔,✔,✔,✔,✔,✔,✔,✔,✔,✔,✗,✔,✔,✔,✔,✔,✔,✔,✔,✔,✔,✔,✔,✔,✔,✔,✔,✔,✔,✔,✔,✗,✗,✔,✔,✔,✔,✔,✔,✔,✔,✔,✔,✗,✔,✗,✔,,,,,,,,
Six Moon Design All Day Carry Travel Backpack,86%,✔,✔,✔,✔,✔,✔,✗,✔,✔,✔,✔,✔,✔,✔,✔,✔,✔,✔,✔,✗,✔,✔,✔,✔,✔,✔,✔,✔,✔,✔,✔,✔,✔,✔,✔,✔,✔,✔,✔,✔,✗,✗,✔,✔,✔,✔,✔,✔,✔,✔,✔,✔,✗,✗,✗,✗,,,,,,,,
Stubble & Co The Rolltop 20L,93%,✔,✔,✔,✔,✔,✔,✔,✔,✔,✔,✔,✔,✔,✔,✔,✔,✔,✔,✔,✗,✔,✔,✔,✔,✔,✔,✔,✔,✔,✔,✔,✔,✔,✔,✔,✔,✔,✔,✔,✔,✔,✗,✔,✔,✔,✔,✔,✔,✔,✔,✔,✔,✗,✔,✗,✔,,,,,,,,
SwissGear Getaway Pack,82%,✔,✔,✔,✗,✔,✔,✔,✔,✔,✔,✔,✗,✔,✔,✔,✔,✔,✗,✔,✗,✔,✔,✔,✔,✔,✗,✔,✔,✗,✔,✔,✔,✔,✔,✔,✔,✗,✔,✔,✔,✔,✗,✔,✔,✔,✔,✔,✔,✔,✔,✔,✔,✗,✔,✗,✔,,,,,,,,
Thule Aion,39%,✔,✔,✗,✗,✔,✔,✗,✗,✗,✗,✔,✗,✗,✔,✗,✗,✔,✗,✗,✗,✗,✔,✗,✗,✔,✗,✗,✔,✗,✔,✔,✔,✗,✗,✗,✔,✗,✔,✗,✗,✗,✗,✔,✔,✔,✔,✔,✗,✔,✗,✗,✗,✗,✗,✗,✔,,,,,,,,
Thule Subterra 34L,39%,✔,✔,✗,✗,✔,✔,✗,✗,✗,✗,✔,✗,✗,✔,✗,✗,✔,✗,✗,✗,✗,✔,✗,✗,✔,✗,✗,✔,✗,✔,✔,✔,✗,✗,✗,✔,✗,✔,✗,✗,✗,✗,✔,✔,✔,✔,✔,✗,✔,✗,✗,✗,✗,✗,✗,✔,,,,,,,,
Timbuk2 Division Laptop Backpack Deluxe,95%,✔,✔,✔,✔,✔,✔,✔,✔,✔,✔,✔,✔,✔,✔,✔,✔,✔,✔,✔,✔,✔,✔,✔,✔,✔,✔,✔,✔,✔,✔,✔,✔,✔,✔,✔,✔,✔,✔,✔,✔,✔,✗,✔,✔,✔,✔,✔,✔,✔,✔,✔,✔,✗,✔,✗,✔,,,,,,,,
Timbuk2 Never Check Expandable Backpack,93%,✔,✔,✔,✔,✔,✔,✔,✔,✔,✔,✔,✔,✔,✔,✔,✔,✔,✔,✔,✗,✔,✔,✔,✔,✔,✔,✔,✔,✔,✔,✔,✔,✔,✔,✔,✔,✔,✔,✔,✔,✔,✗,✔,✔,✔,✔,✔,✔,✔,✔,✔,✔,✗,✔,✗,✔,,,,,,,,
Timbuk2 Scheme,95%,✔,✔,✔,✔,✔,✔,✔,✔,✔,✔,✔,✔,✔,✔,✔,✔,✔,✔,✔,✔,✔,✔,✔,✔,✔,✔,✔,✔,✔,✔,✔,✔,✔,✔,✔,✔,✔,✔,✔,✔,✔,✗,✔,✔,✔,✔,✔,✔,✔,✔,✔,✔,✗,✔,✗,✔,,,,,,,,
Tom Bihn Addax 26,7%,✗,✗,✗,✗,✗,✔,✗,✗,✗,✗,✗,✗,✗,✗,✗,✗,✗,✗,✗,✗,✗,✗,✗,✗,✗,✗,✗,✗,✗,✗,✗,✗,✗,✗,✗,✗,✗,✗,✗,✗,✗,✗,✔,✔,✔,✗,✗,✗,✗,✗,✗,✗,✗,✗,✗,✗,,,,,,,,
Tom Bihn Aeronaut 30L,93%,✔,✔,✔,✔,✔,✔,✔,✔,✔,✔,✔,✔,✔,✔,✔,✔,✔,✔,✔,✗,✔,✔,✔,✔,✔,✔,✔,✔,✔,✔,✔,✔,✔,✔,✔,✔,✔,✔,✔,✔,✔,✗,✔,✔,✔,✔,✔,✔,✔,✔,✔,✔,✗,✔,✗,✔,,,,,,,,
Tom Bihn Aeronaut 45L,38%,✗,✗,✗,✗,✗,✔,✗,✗,✗,✔,✗,✗,✗,✔,✔,✔,✔,✗,✗,✗,✗,✔,✔,✗,✔,✗,✗,✔,✗,✗,✗,✔,✗,✔,✔,✗,✗,✗,✗,✔,✗,✗,✔,✔,✔,✔,✔,✗,✔,✗,✗,✔,✗,✗,✗,✗,,,,,,,,
Tom Bihn Brain,61%,✔,✔,✔,✗,✗,✔,✔,✗,✗,✔,✔,✗,✔,✔,✔,✔,✔,✗,✗,✗,✗,✔,✔,✔,✔,✗,✗,✔,✗,✗,✔,✔,✗,✔,✔,✗,✗,✗,✔,✔,✔,✗,✔,✔,✔,✔,✔,✔,✔,✔,✗,✔,✗,✔,✗,✗,,,,,,,,
Tom Bihn Synapse 19,95%,✔,✔,✔,✔,✔,✔,✔,✔,✔,✔,✔,✔,✔,✔,✔,✔,✔,✔,✔,✔,✔,✔,✔,✔,✔,✔,✔,✔,✔,✔,✔,✔,✔,✔,✔,✔,✔,✔,✔,✔,✔,✗,✔,✔,✔,✔,✔,✔,✔,✔,✔,✔,✗,✔,✗,✔,,,,,,,,
Tom Bihn Synapse 25,71%,✔,✔,✔,✗,✔,✔,✔,✗,✗,✔,✔,✗,✔,✔,✔,✔,✔,✗,✔,✗,✗,✔,✔,✔,✔,✗,✗,✔,✗,✔,✔,✔,✗,✔,✔,✔,✗,✔,✔,✔,✔,✗,✔,✔,✔,✔,✔,✔,✔,✔,✗,✔,✗,✔,✗,✔,,,,,,,,
Tom Bihn Synik 30,7%,✗,✗,✗,✗,✗,✔,✗,✗,✗,✗,✗,✗,✗,✗,✗,✗,✗,✗,✗,✗,✗,✗,✗,✗,✗,✗,✗,✗,✗,✗,✗,✗,✗,✗,✗,✗,✗,✗,✗,✗,✗,✗,✔,✔,✔,✗,✗,✗,✗,✗,✗,✗,✗,✗,✗,✗,,,,,,,,
Tom Bihn Techonaut 30,82%,✔,✔,✔,✗,✔,✔,✔,✔,✔,✔,✔,✗,✔,✔,✔,✔,✔,✗,✔,✗,✔,✔,✔,✔,✔,✗,✔,✔,✗,✔,✔,✔,✔,✔,✔,✔,✗,✔,✔,✔,✔,✗,✔,✔,✔,✔,✔,✔,✔,✔,✔,✔,✗,✔,✗,✔,,,,,,,,
tomtoc Navigator-T66,79%,✔,✔,✔,✗,✔,✔,✗,✔,✔,✔,✔,✗,✔,✔,✔,✔,✔,✗,✔,✗,✔,✔,✔,✔,✔,✗,✔,✔,✗,✔,✔,✔,✔,✔,✔,✔,✗,✔,✔,✔,✗,✗,✔,✔,✔,✔,✔,✔,✔,✔,✔,✔,✗,✔,✗,✔,,,,,,,,
tomtoc TechPack-T73,93%,✔,✔,✔,✔,✔,✔,✔,✔,✔,✔,✔,✔,✔,✔,✔,✔,✔,✔,✔,✗,✔,✔,✔,✔,✔,✔,✔,✔,✔,✔,✔,✔,✔,✔,✔,✔,✔,✔,✔,✔,✔,✗,✔,✔,✔,✔,✔,✔,✔,✔,✔,✔,✗,✔,✗,✔,,,,,,,,
tomtoc VintPack-TA1,95%,✔,✔,✔,✔,✔,✔,✔,✔,✔,✔,✔,✔,✔,✔,✔,✔,✔,✔,✔,✔,✔,✔,✔,✔,✔,✔,✔,✔,✔,✔,✔,✔,✔,✔,✔,✔,✔,✔,✔,✔,✔,✗,✔,✔,✔,✔,✔,✔,✔,✔,✔,✔,✗,✔,✗,✔,,,,,,,,
Topo Designs Global Travel Bag 30L,93%,✔,✔,✔,✔,✔,✔,✔,✔,✔,✔,✔,✔,✔,✔,✔,✔,✔,✔,✔,✗,✔,✔,✔,✔,✔,✔,✔,✔,✔,✔,✔,✔,✔,✔,✔,✔,✔,✔,✔,✔,✔,✗,✔,✔,✔,✔,✔,✔,✔,✔,✔,✔,✗,✔,✗,✔,,,,,,,,
Topo Designs Global Travel Bag 40L,11%,✗,✗,✗,✗,✗,✔,✗,✗,✗,✗,✗,✗,✗,✗,✗,✗,✗,✗,✗,✗,✗,✗,✗,✗,✔,✗,✗,✗,✗,✗,✗,✗,✗,✗,✗,✗,✗,✗,✗,✗,✗,✗,✔,✔,✔,✔,✗,✗,✗,✗,✗,✗,✗,✗,✗,✗,,,,,,,,
Topo Designs Mountain Pack,93%,✔,✔,✔,✔,✔,✔,✔,✔,✔,✔,✔,✔,✔,✔,✔,✔,✔,✔,✔,✗,✔,✔,✔,✔,✔,✔,✔,✔,✔,✔,✔,✔,✔,✔,✔,✔,✔,✔,✔,✔,✔,✗,✔,✔,✔,✔,✔,✔,✔,✔,✔,✔,✗,✔,✗,✔,,,,,,,,
Tortuga Outbreaker Backpack 35L,79%,✔,✔,✔,✗,✔,✔,✗,✔,✔,✔,✔,✗,✔,✔,✔,✔,✔,✗,✔,✗,✔,✔,✔,✔,✔,✗,✔,✔,✗,✔,✔,✔,✔,✔,✔,✔,✗,✔,✔,✔,✗,✗,✔,✔,✔,✔,✔,✔,✔,✔,✔,✔,✗,✔,✗,✔,,,,,,,,
Tortuga Outbreaker Backpack 45L,36%,✗,✗,✗,✗,✗,✔,✗,✗,✗,✔,✗,✗,✗,✔,✔,✔,✔,✗,✗,✗,✗,✗,✔,✗,✔,✗,✗,✔,✗,✗,✗,✔,✗,✔,✔,✗,✗,✗,✗,✔,✗,✗,✔,✔,✔,✔,✔,✗,✔,✗,✗,✔,✗,✗,✗,✗,,,,,,,,
Tortuga Outbreaker Daypack,95%,✔,✔,✔,✔,✔,✔,✔,✔,✔,✔,✔,✔,✔,✔,✔,✔,✔,✔,✔,✔,✔,✔,✔,✔,✔,✔,✔,✔,✔,✔,✔,✔,✔,✔,✔,✔,✔,✔,✔,✔,✔,✗,✔,✔,✔,✔,✔,✔,✔,✔,✔,✔,✗,✔,✗,✔,,,,,,,,
Tortuga Travel Backpack 30L,89%,✔,✔,✔,✔,✔,✔,✗,✔,✔,✔,✔,✔,✔,✔,✔,✔,✔,✔,✔,✗,✔,✔,✔,✔,✔,✔,✔,✔,✔,✔,✔,✔,✔,✔,✔,✔,✔,✔,✔,✔,✗,✗,✔,✔,✔,✔,✔,✔,✔,✔,✔,✔,✗,✔,✗,✔,,,,,,,,
Tortuga Travel Backpack 40L,86%,✔,✔,✔,✔,✔,✔,✗,✔,✔,✔,✔,✔,✔,✔,✔,✔,✔,✔,✔,✗,✔,✔,✔,✔,✔,✔,✔,✔,✔,✔,✔,✔,✔,✔,✔,✔,✔,✔,✔,✔,✗,✗,✔,✔,✔,✔,✔,✔,✔,✔,✔,✔,✗,✗,✗,✗,,,,,,,,
Tortuga Travel Backpack Lite 40L,86%,✔,✔,✔,✔,✔,✔,✗,✔,✔,✔,✔,✔,✔,✔,✔,✔,✔,✔,✔,✗,✔,✔,✔,✔,✔,✔,✔,✔,✔,✔,✔,✔,✔,✔,✔,✔,✔,✔,✔,✔,✗,✗,✔,✔,✔,✔,✔,✔,✔,✔,✔,✔,✗,✗,✗,✗,,,,,,,,
Trakke Storr 25L Travel Backpack,93%,✔,✔,✔,✔,✔,✔,✔,✔,✔,✔,✔,✔,✔,✔,✔,✔,✔,✔,✔,✗,✔,✔,✔,✔,✔,✔,✔,✔,✔,✔,✔,✔,✔,✔,✔,✔,✔,✔,✔,✔,✔,✗,✔,✔,✔,✔,✔,✔,✔,✔,✔,✔,✗,✔,✗,✔,,,,,,,,
Troubadour Aero Backpack,91%,✔,✔,✔,✔,✔,✔,✔,✔,✔,✔,✔,✔,✔,✔,✔,✔,✔,✔,✔,✗,✔,✔,✔,✔,✔,✔,✔,✔,✔,✔,✔,✔,✔,✔,✔,✔,✔,✔,✔,✔,✗,✗,✔,✔,✔,✔,✔,✔,✔,✔,✔,✔,✗,✔,✗,✔,,,,,,,,
Troubadour Pioneer Backpack,93%,✔,✔,✔,✔,✔,✔,✔,✔,✔,✔,✔,✔,✔,✔,✔,✔,✔,✔,✔,✗,✔,✔,✔,✔,✔,✔,✔,✔,✔,✔,✔,✔,✔,✔,✔,✔,✔,✔,✔,✔,✔,✗,✔,✔,✔,✔,✔,✔,✔,✔,✔,✔,✗,✔,✗,✔,,,,,,,,
Troubadour Ridge Backpack,93%,✔,✔,✔,✔,✔,✔,✔,✔,✔,✔,✔,✔,✔,✔,✔,✔,✔,✔,✔,✗,✔,✔,✔,✔,✔,✔,✔,✔,✔,✔,✔,✔,✔,✔,✔,✔,✔,✔,✔,✔,✔,✗,✔,✔,✔,✔,✔,✔,✔,✔,✔,✔,✗,✔,✗,✔,,,,,,,,
ULA Equipment Robic 30L Dragonfly,93%,✔,✔,✔,✔,✔,✔,✔,✔,✔,✔,✔,✔,✔,✔,✔,✔,✔,✔,✔,✗,✔,✔,✔,✔,✔,✔,✔,✔,✔,✔,✔,✔,✔,✔,✔,✔,✔,✔,✔,✔,✔,✗,✔,✔,✔,✔,✔,✔,✔,✔,✔,✔,✗,✔,✗,✔,,,,,,,,
ULA Equipment Ultra 36L Dragonfly,89%,✔,✔,✔,✔,✔,✔,✗,✔,✔,✔,✔,✔,✔,✔,✔,✔,✔,✔,✔,✗,✔,✔,✔,✔,✔,✔,✔,✔,✔,✔,✔,✔,✔,✔,✔,✔,✔,✔,✔,✔,✗,✗,✔,✔,✔,✔,✔,✔,✔,✔,✔,✔,✗,✔,✗,✔,,,,,,,,
ULA Equipment Ultra Camino,48%,✗,✗,✗,✗,✗,✔,✗,✔,✔,✔,✗,✗,✗,✔,✔,✔,✔,✗,✔,✗,✗,✔,✔,✗,✔,✗,✔,✔,✗,✗,✗,✔,✔,✔,✔,✗,✗,✗,✗,✔,✗,✗,✔,✔,✔,✔,✔,✗,✔,✗,✔,✔,✗,✗,✗,✗,,,,,,,,
Wandrd Duo Daypack,93%,✔,✔,✔,✔,✔,✔,✔,✔,✔,✔,✔,✔,✔,✔,✔,✔,✔,✔,✔,✗,✔,✔,✔,✔,✔,✔,✔,✔,✔,✔,✔,✔,✔,✔,✔,✔,✔,✔,✔,✔,✔,✗,✔,✔,✔,✔,✔,✔,✔,✔,✔,✔,✗,✔,✗,✔,,,,,,,,
Wandrd PRVKE 21,93%,✔,✔,✔,✔,✔,✔,✔,✔,✔,✔,✔,✔,✔,✔,✔,✔,✔,✔,✔,✗,✔,✔,✔,✔,✔,✔,✔,✔,✔,✔,✔,✔,✔,✔,✔,✔,✔,✔,✔,✔,✔,✗,✔,✔,✔,✔,✔,✔,✔,✔,✔,✔,✗,✔,✗,✔,,,,,,,,
Wandrd PRVKE 31,89%,✔,✔,✔,✔,✔,✔,✗,✔,✔,✔,✔,✔,✔,✔,✔,✔,✔,✔,✔,✗,✔,✔,✔,✔,✔,✔,✔,✔,✔,✔,✔,✔,✔,✔,✔,✔,✔,✔,✔,✔,✗,✗,✔,✔,✔,✔,✔,✔,✔,✔,✔,✔,✗,✔,✗,✔,,,,,,,,
Wandrd Transit Travel Backpack,82%,✔,✔,✔,✗,✔,✔,✔,✔,✔,✔,✔,✗,✔,✔,✔,✔,✔,✗,✔,✗,✔,✔,✔,✔,✔,✗,✔,✔,✗,✔,✔,✔,✔,✔,✔,✔,✗,✔,✔,✔,✔,✗,✔,✔,✔,✔,✔,✔,✔,✔,✔,✔,✗,✔,✗,✔,,,,,,,,
Waterfield Air Porter,95%,✔,✔,✔,✔,✔,✔,✔,✔,✔,✔,✔,✔,✔,✔,✔,✔,✔,✔,✔,✔,✔,✔,✔,✔,✔,✔,✔,✔,✔,✔,✔,✔,✔,✔,✔,✔,✔,✔,✔,✔,✔,✗,✔,✔,✔,✔,✔,✔,✔,✔,✔,✔,✗,✔,✗,✔,,,,,,,,
Waterfield Bolt,95%,✔,✔,✔,✔,✔,✔,✔,✔,✔,✔,✔,✔,✔,✔,✔,✔,✔,✔,✔,✔,✔,✔,✔,✔,✔,✔,✔,✔,✔,✔,✔,✔,✔,✔,✔,✔,✔,✔,✔,✔,✔,✗,✔,✔,✔,✔,✔,✔,✔,✔,✔,✔,✗,✔,✗,✔,,,,,,,,
Wave Booster Rolltop Backpack,82%,✔,✔,✔,✗,✔,✔,✔,✔,✔,✔,✔,✗,✔,✔,✔,✔,✔,✗,✔,✗,✔,✔,✔,✔,✔,✗,✔,✔,✗,✔,✔,✔,✔,✔,✔,✔,✗,✔,✔,✔,✔,✗,✔,✔,✔,✔,✔,✔,✔,✔,✔,✔,✗,✔,✗,✔,,,,,,,,
Waymark Dark Sky,95%,✔,✔,✔,✔,✔,✔,✔,✔,✔,✔,✔,✔,✔,✔,✔,✔,✔,✔,✔,✔,✔,✔,✔,✔,✔,✔,✔,✔,✔,✔,✔,✔,✔,✔,✔,✔,✔,✔,✔,✔,✔,✗,✔,✔,✔,✔,✔,✔,✔,✔,✔,✔,✗,✔,✗,✔,,,,,,,,
Waymark Mile 28L,11%,✗,✗,✗,✗,✗,✔,✗,✗,✗,✗,✗,✗,✗,✗,✗,✗,✗,✗,✗,✗,✗,✗,✗,✗,✔,✗,✗,✗,✗,✗,✗,✗,✗,✗,✗,✗,✗,✗,✗,✗,✗,✗,✔,✔,✔,✔,✗,✗,✗,✗,✗,✗,✗,✗,✗,✗,,,,,,,,
YNOT Magnetica,95%,✔,✔,✔,✔,✔,✔,✔,✔,✔,✔,✔,✔,✔,✔,✔,✔,✔,✔,✔,✔,✔,✔,✔,✔,✔,✔,✔,✔,✔,✔,✔,✔,✔,✔,✔,✔,✔,✔,✔,✔,✔,✗,✔,✔,✔,✔,✔,✔,✔,✔,✔,✔,✗,✔,✗,✔,,,,,,,,